,area,perimeter,eccentricity,major axis,minor axis,contrast,homogeneity,energy,correlation,entropy,mean,variance,skewness,uniformity,snr,label
0,14009,872.9188309203679,0.7728419998805345,220.77508259094554,140.1035339914596,765.9082862368781,0.6771880310634757,0.6506292998407949,0.8578814745502508,3.3792616485946034,93.93366186504927,2234.66845747778,-0.08495305394139771,204,1.9870770320865327,COVID-19
1,15372,814.4751801064718,0.7302226210231862,221.17095732572352,151.10605107274037,424.1282503883591,0.6582248887034847,0.613226959374247,0.8684347642061305,3.4892352320096776,70.13926924929471,1276.4823587036003,-0.20441063382323518,142,1.963151554627647,COVID-19
2,16571,834.5340546095176,0.801780505066968,236.5798029700693,141.38449670173355,458.6180475688869,0.6499524026194412,0.5910438410513144,0.898603850336634,3.78281175629245,81.60594701061059,1705.915374760773,-0.20938673482003306,167,1.9758003922881848,COVID-19
3,17063,1125.6711395993652,0.48392579246581857,220.71771097754797,193.1520635966426,733.0035094589995,0.6135106119593727,0.567500431470072,0.8164943251088888,3.897108985442447,74.98176666256006,1561.5628066362028,0.04243829668317759,162,1.8974744666048637,COVID-19
4,13075,1034.9604614807104,0.8796339070969831,262.28856957805954,124.7579074473513,406.46154499694285,0.7137224820263037,0.6769230235454495,0.858811780928103,3.0102183900689075,71.96392131254592,1088.2060283421881,-0.2787741966406737,143,2.181520288212993,COVID-19
5,22303,1004.0904037956217,0.7608867085217487,275.7547243005995,178.93303491677614,359.1550256443977,0.534402617100908,0.4494411355082223,0.9164693071703054,4.6739916107169615,81.10468524635928,931.4023383518212,-0.4642798292612559,137,2.6575245258686144,COVID-19
6,19963,1032.1564209736039,0.5964334093757891,231.1547327213069,185.53924994764282,496.3160160440712,0.5470799154522592,0.4912898193085936,0.8209012588663817,4.309221040961796,60.67368806188585,984.7903948656887,0.08718764739445718,165,1.933430175251358,COVID-19
7,17935,862.6934341759517,0.8206876438439136,230.0515149242859,131.44616761664815,507.05593816888796,0.5959622763371326,0.5540018084102223,0.8885693980273531,4.097240756982912,79.63881086142322,1699.1443551402567,-0.0679473312485286,183,1.9320111485520617,COVID-19
8,18141,955.1269837220809,0.6545724435151989,237.08555367738887,179.23650863586835,689.9540061420556,0.5809663059223078,0.5397418654426234,0.823156007931557,4.123316288186126,70.8412597515169,1666.4751771474957,0.21941381309585778,194,1.735349084483942,COVID-19
9,16001,899.0609665440988,0.7801103972142116,228.19249953047628,142.76678552940072,524.834859069751,0.6439030062752311,0.6022165696959599,0.8803572696709123,3.7093634818318035,79.93801516650181,1802.081881586318,-0.14097544999917747,170,1.8830684220259712,COVID-19
10,18642,894.3158005400378,0.7319241524709619,245.11410036136772,167.01734409399353,490.8305908027961,0.5824484456072856,0.5301229072591456,0.8316365953969694,4.124105810844121,60.44177022999494,1267.4356100249204,0.318882872562237,159,1.6977518918173649,COVID-19
11,23289,988.3919189857868,0.7365025735527643,259.6890192698143,175.66267455144256,289.4452654139683,0.4989431250333332,0.4222745320987142,0.9140667908568013,4.926226065785701,64.9993315805891,1183.5669974588347,-0.040302940634818304,157,1.8893502142849874,COVID-19
12,17796,958.4335495461294,0.7832305877262286,239.65824719686972,149.0030407263122,630.2050854394513,0.5917018300903522,0.5536061599215143,0.87434356629128,4.137352722696945,81.75748997405049,2077.885397427064,0.1913196175252131,210,1.793563487811191,COVID-19
13,18783,1134.1564209736039,0.7049594330353646,254.858062433781,180.757476249001,658.0172535135664,0.5734654087843567,0.52531622591952,0.8362347803022004,4.229854536484317,74.40638226776565,1453.3636460565892,0.32237522580346517,209,1.9517448530323946,COVID-19
14,11882,711.747258045114,0.7520190164055256,192.10227168486426,126.62256230820185,511.80463920206375,0.7333277875089158,0.7030394301756999,0.8590970326579503,2.8380184150355787,80.87442323351127,1785.0936125439348,-0.19905058222695718,161,1.9141708508151691,COVID-19
15,19405,1145.3107499061543,0.5290661003672712,238.34494574733284,202.25490082535154,592.6595493255877,0.5514810035313944,0.504961307675532,0.7856555085458394,4.232741507739063,60.01416262789445,1050.4755667866918,0.4035598628626637,173,1.851657988038892,COVID-19
16,14274,869.4629867976522,0.7518125454356707,212.4388190600105,140.07724999525558,632.5600987328042,0.6666613681641945,0.6434708251818693,0.8576280236829084,3.3621118711224094,87.11537032909888,1531.3732880082396,-0.15812437923669193,179,2.2261491252131305,COVID-19
17,13251,777.0609665440987,0.7978750873728897,215.7430357443298,130.05482388518436,893.615433943231,0.6911386502253442,0.6664194478862635,0.8620162617656718,3.2166485885671383,106.86401673640168,2471.296603498915,-0.3913775351169796,205,2.1496564492152785,COVID-19
18,14850,855.286363288515,0.716444263593858,218.96098391789943,152.75688986033978,962.1328099309817,0.6525056796013355,0.6238669690077456,0.8438369030530819,3.5695219578819346,97.89332572732458,2510.5100124991495,-0.11512206759424122,201,1.9537640049445932,COVID-19
19,18900,1052.3746750430837,0.6702800133088126,221.47934007471446,164.3616527920011,575.4963737905842,0.5677641297864009,0.523327672165985,0.8449078682813056,4.226535238111206,70.6759971234165,1375.8636563119906,0.14449616433491544,180,1.9053915942744624,COVID-19
20,15567,739.889393668845,0.7972150285640567,217.68391945427828,131.41479205182844,495.7036700183754,0.6590201118154984,0.6132517240626019,0.8921265018958872,3.619525425706522,82.14564819211722,1997.3660059243962,-0.21028070673891014,168,1.8380432816813022,COVID-19
21,18978,768.3502884254441,0.8404998114689651,244.32851249040456,132.38008023064862,265.8520735505337,0.6199032391596259,0.5350791045461147,0.9187276147086394,4.167315274441714,65.75274513049716,1234.9838906875107,0.019270357471370857,139,1.8710407347869134,COVID-19
22,18745,996.7178207935912,0.7441103613332661,257.6049022461465,172.0946839333874,544.9482256699489,0.5779924265867042,0.5335774996085398,0.8941352579171815,4.302653927452938,84.14359861591696,1901.5271526264787,0.10185751948402871,190,1.9296112219222745,COVID-19
23,18735,902.2081528017131,0.815084574968135,264.9022444195754,153.46899212791524,390.44568628024297,0.5833106276461583,0.5374139694711155,0.9023230705282294,4.166070405503103,76.73578371131717,1243.5458751510744,-0.1853934008780301,157,2.1760407667379584,COVID-19
24,16570,900.9432175380073,0.743348115520238,242.9735547032968,162.52616751343672,711.786527880427,0.6194279681136439,0.5811968889489348,0.8572692500706129,3.880183268189405,83.46423580231229,2172.0869879784464,0.10729609321376696,220,1.7908607342067295,COVID-19
25,15432,863.1614716074872,0.7682788400383587,233.25602591868534,149.31075586428736,603.7787719061387,0.6503482717002766,0.6152880944991093,0.8769915588011961,3.619926789724453,87.03339492232944,1877.9973792703688,-0.15492191812782097,181,2.0083455276444138,COVID-19
26,16952,994.9848480983501,0.6630116795077645,234.41644208798192,175.48627050034673,501.8519733067153,0.6210472180009167,0.570049056051079,0.831848934499521,3.811879760432387,61.80641352308744,1421.9192081364997,0.12564442168424714,153,1.6390646458306286,COVID-19
27,18691,898.6173157302028,0.7937925461206197,262.57443913178986,159.69478496812454,547.1162022373427,0.5730731335260435,0.53019127947396,0.8930776462041436,4.1940802163834885,89.81354131723135,1320.0157195735753,-0.25965274852425557,191,2.4720216458766338,COVID-19
28,17565,862.776695296637,0.6861318206274463,218.66934955808756,159.07697338685216,691.6788157184006,0.6091410262402706,0.5599572922719295,0.8508096054182731,4.0691385687896116,76.10791711582226,2173.4121172210616,0.3032899602288304,197,1.6325210676301838,COVID-19
29,16975,970.0731598529185,0.73046551834268,229.48797761015834,156.72871753582925,587.7770790439589,0.6183063209178385,0.5718229531090104,0.8383914513223545,3.8629359520406954,70.7727441515039,1510.7670204557694,0.15374268613966705,156,1.8208211420046296,COVID-19
30,18117,820.4579361637687,0.7294072217681923,222.73908090583552,152.3712948581924,548.766365490737,0.5876971247717633,0.5383728754154496,0.8273074887260987,4.030680867718176,64.81709154113557,1260.573091424992,0.10988154604647052,149,1.82559956423538,COVID-19
31,17663,976.1147904132611,0.5887681965597596,225.2955308614878,182.10681251020964,575.0893772208368,0.5845505875718241,0.5484860186184715,0.7943325516711068,3.9445113081280128,60.05466428995841,1217.7765721243754,0.33988974262577376,163,1.7209289330435045,COVID-19
32,15791,985.9137802864844,0.7322244705709791,233.604564948226,159.09951409315298,670.3417323239446,0.6337999073592376,0.5979941432031276,0.8406967605716248,3.6608490200616868,78.05601229864314,1806.5956193899963,-0.07427978390109538,182,1.8364363647689614,COVID-19
33,16038,865.4284989122459,0.7939226600742424,257.495258639485,156.561947293978,442.85444437454714,0.6408107532815739,0.5969415474690714,0.8419271235881848,3.642337792845527,62.61191478169385,1309.675139468803,0.25064034841299476,160,1.730115885006975,COVID-19
34,25115,1027.2619766708754,0.6220226676478058,249.7516029888106,195.55531390829438,323.2372608902897,0.48109051952086196,0.3753595039508588,0.9117528114561051,5.214001460037419,69.84806425041187,1122.226544852544,-0.1596884843677019,151,2.085038632177187,COVID-19
35,18152,1075.8965363437815,0.4991121740962976,224.59508203332294,194.62003481841214,683.5987720803619,0.586615000218797,0.5394918221599716,0.8485006801464676,4.110786358097066,79.47753782191938,1621.4219172082646,-0.16791620853963862,174,1.9737692778456646,COVID-19
36,18794,902.6000717874997,0.7522031260452302,243.7962489582974,160.64497908511785,481.89888714973944,0.5900518984686928,0.5261344668304868,0.8685591770071238,4.129536077424039,72.65913517724971,1172.604329843656,-0.2001915620392213,144,2.1218490159228063,COVID-19
37,15340,926.1980515339465,0.7291256759455262,230.02267718808056,157.42288020027922,621.4544772378641,0.6507627019860864,0.6098995233621223,0.8199229895229926,3.5488202485485534,69.4150124069479,1651.1109877514314,0.0886721003631383,179,1.7083044486590253,COVID-19
38,11067,701.0020920410531,0.813366780285942,202.8639350047868,118.01634146609993,543.9480527311666,0.7424688592027424,0.721231824281315,0.8025117595976675,2.6695402115918268,70.0434400624756,1683.4205065572235,0.22985169758113963,165,1.7071479502504154,COVID-19
39,17954,1047.1858582251266,0.6710709345229091,242.8694037100134,180.06171192295605,552.2858489770144,0.5951198237955826,0.544170555342844,0.8138140230613335,4.012725330885846,60.10165429356404,1411.9948689532641,0.3115442707209407,174,1.5994470484017502,COVID-19
40,18580,873.8061325481598,0.8254469445984733,257.5716547419847,145.39397266528408,502.23074102554665,0.5824229710259774,0.537006154980081,0.8849536311119244,4.201659730153552,77.28335494053323,1638.668878570201,-0.042573106226417565,171,1.9091513726956684,COVID-19
41,18687,986.842712474619,0.5723698709509946,227.03593044427572,186.16845664248106,594.1660252904153,0.5678443655355827,0.5221581358709483,0.789985509960442,4.1139578817058124,60.85035842293907,1098.749896824938,0.34873280180398264,161,1.8357507614475608,COVID-19
42,16375,921.4873734152916,0.7936795306547161,248.77450846806883,151.33851263666435,556.541148352077,0.6229312447857275,0.586955183158454,0.8592291954274706,3.7581720477562603,77.68727506426735,1417.8194267649567,-0.023192018273607264,178,2.0631909644462194,COVID-19
43,16711,971.4873734152917,0.658460017285109,216.49452592221897,162.93718115081305,616.5505605744407,0.6187478448470825,0.5772143302987939,0.8538480980242188,3.8232960031266123,78.70567152917505,1536.9610945943202,-0.1945606224096972,169,2.0075880023634975,COVID-19
44,17649,961.6711395993652,0.6506888567456761,238.76471402373102,181.3046632735755,665.5363638006431,0.5903782180278652,0.5476834821888806,0.7728735152112333,3.9614469064499525,59.70328688817435,1423.1504393571379,0.5292449351018831,197,1.5826061013520942,COVID-19
45,19854,1059.8132752230963,0.629008304858056,244.87277211874502,190.3637453625634,515.8414256038816,0.549556052580199,0.49531371595434565,0.798550510220421,4.2977014036062196,55.662015585509685,1091.5278790039692,0.41387503019003385,177,1.68477345907136,COVID-19
46,19130,1026.2569260369921,0.7622602158220566,264.40359563567415,171.14070130714236,490.795179538715,0.5792104693724556,0.5199048025136208,0.8355959300638399,4.215102814995892,60.00514251326659,1343.992752152949,0.33414461707634935,162,1.6367788636894955,COVID-19
47,12817,829.6295090390227,0.7798229374802685,224.1192826634755,140.298704275166,681.6849910090366,0.6979245360779952,0.6738406947387183,0.7969604105704797,3.0611858432421446,74.0461140760507,1720.0443211237446,0.16170683870261,178,1.7853873482719524,COVID-19
48,27308,911.2203461105329,0.698742590144894,256.0249137226158,183.15335777235865,259.38401268448746,0.4433234929861251,0.32579510491942043,0.945365273148152,5.635950613810795,82.91920795072365,1317.0706747760514,-0.27218720999952234,172,2.284812704684719,COVID-19
49,18474,950.1980515339463,0.6347867397554899,237.98881952941818,183.8909586356616,674.4399703082713,0.5724315077374637,0.5296438040067188,0.7979108297059121,4.135792813987316,64.5083111136325,1447.5770994736401,0.3859130334187593,182,1.6954883882981313,COVID-19
50,17380,997.9137802864846,0.606857345738497,220.8930325049185,175.56816150511324,667.7976413101919,0.5906485972097295,0.5528902584499685,0.7814688102882522,3.908986638331926,61.70476938886538,1430.895127467522,0.32788204538701093,161,1.6312286146975923,COVID-19
51,18410,1016.6000717874997,0.7155066483350635,235.88216091861128,164.7886748385475,524.1944370043666,0.5957119660222278,0.5370443900044826,0.827260636793913,4.081615698241264,61.55282793187902,1356.0148232666845,0.37255254449022923,162,1.6715362217117011,COVID-19
52,18155,1063.6417023478423,0.5874109584389635,222.30747564059212,179.91095075538044,689.1170132693305,0.5768170957765105,0.5329197269321915,0.7658409407290159,4.030069492048428,60.00421551076976,1329.3186286462847,0.42927366095797437,156,1.6457627061854248,COVID-19
53,18787,1007.303607231218,0.7658702443270375,229.1548778665309,147.34547612387223,501.4631760271335,0.5813664925781078,0.5308875169474149,0.8766397149459729,4.194212577417532,74.84789391575663,1432.534474615,-0.08101444929811637,159,1.977548044416712,COVID-19
54,15456,882.7838379715733,0.6578021291095228,216.82395403776295,163.30980419601477,686.4456825249698,0.6359680835595936,0.604527763522813,0.7825866796435873,3.5672675300104673,65.06129429470516,1595.8913038932783,0.38184599072760717,165,1.6286248029181578,COVID-19
55,14947,844.8010819142764,0.7755591608271337,228.49227808390924,144.2414379508194,528.3312011993173,0.6548407257776334,0.6222141713195939,0.8336480034899966,3.438775667655511,70.75973933984984,1231.6835979487723,-0.01158008363020546,167,2.0162140898474847,COVID-19
56,17224,1160.842712474619,0.6755237515427929,224.88764099582224,165.8182545022443,810.9333194928324,0.5950367857434562,0.5645239383429813,0.8348038718985822,4.022448006318221,83.07787782915551,1923.1863176185616,0.2339290760119721,230,1.8944132121691775,COVID-19
57,15735,830.7422074112307,0.7813912693088995,232.64252800064438,145.1785717312928,518.4131538947903,0.6371290643129807,0.6021973237365281,0.8290856442593553,3.5778803313763707,67.74060402684563,1178.6412372190441,0.12345961525364552,171,1.973141581840722,COVID-19
58,18767,1407.511760032931,0.3938672929863096,247.15423664751424,227.17609643318255,751.1610210190527,0.5446241953589779,0.5149926689028852,0.766681767539898,4.183498060882025,65.29219620958752,1295.3764942848018,0.5729792457439005,211,1.8141085533248265,COVID-19
59,16628,934.7422074112307,0.6939327936072431,244.77402680573434,176.24703525068207,755.9713765435156,0.6112850043492265,0.5759052126761889,0.7873851860557646,3.8244007224056222,69.04069620253165,1633.4582805279604,0.48707676561140656,211,1.70824885666511,COVID-19
60,19779,1081.5290039756342,0.6386701097976646,244.08085861064453,187.8155009283791,443.4381920550898,0.5516662599060724,0.49948711570707954,0.812241757700825,4.227510035052325,56.32595955862943,832.1613180763962,0.22095108430468513,155,1.9525620174108227,COVID-19
61,14718,881.4284989122459,0.7551914008094869,232.40891049605895,152.34505097121175,281.6751797194554,0.6757361338686502,0.6271561991301349,0.8220630661722657,3.237730797745962,48.71854734111543,723.9988936384491,0.1408801728050815,123,1.8106119360358517,COVID-19
62,20693,737.4802307403552,0.8332822029407925,243.7600648744871,134.76223329594384,222.09357630244097,0.5706803311032455,0.49220210006026643,0.9320504391745812,4.481315674911523,64.32155619306457,1228.9867923641102,0.11358418914248827,152,1.8347755128366512,COVID-19
63,18386,1041.3868683519033,0.5820894574162873,227.07669071266818,184.64167799522437,519.9640235020523,0.5827299178934845,0.5316391641977987,0.786602505070777,4.040598333131193,53.96713107762297,1142.969747043666,0.5728568382661962,169,1.5962906273472421,COVID-19
64,17001,1000.842712474619,0.7065291890102599,229.21996683872786,162.2152805368477,751.4132897413135,0.6089181356389675,0.5709233832343765,0.8287581607878123,3.9677605678543575,73.47107233463275,2271.122623990869,0.5060344335356897,214,1.5416865614689603,COVID-19
65,17992,862.8355697996826,0.8468628100563488,270.5389900979531,143.87572309066627,408.874365056213,0.5950419041672435,0.555925090407412,0.9091888355305557,4.103951679457364,81.10538273331004,1573.2716044876759,-0.02161055592932952,198,2.0447858253365547,COVID-19
66,15952,910.1147904132613,0.6412974989257276,221.26591275800843,169.77563748938087,866.483751705747,0.6269897839425489,0.5941542489092102,0.817705572320443,3.7525479960453154,80.85571579783011,2179.412696226189,0.10000773429968281,188,1.7319724833549863,COVID-19
67,14560,836.3158005400378,0.7512036724178927,229.02230460471273,151.17086322133167,607.393281951158,0.6634668681736096,0.6344074315885079,0.8387558161693887,3.4318108003974315,76.01551573426573,1745.1664987724798,0.1174095590161709,184,1.8196330346049059,COVID-19
68,17936,1008.9432175380073,0.7160604789701495,243.06493394473617,169.6686197332548,546.0139525236559,0.6019699237095679,0.5477692989625551,0.8292466986822399,4.007130720077197,64.90436918757676,1323.3944343230796,0.2154511271968168,159,1.7841414431584286,COVID-19
69,18975,970.7838379715733,0.6500206978736173,232.0153737592448,176.31231159212305,584.1926697892732,0.5647548998331648,0.5196225956375269,0.8138568715537651,4.183655187998888,65.26948946962179,1132.0935458965978,0.263583632236996,165,1.9398540615885596,COVID-19
70,16726,1009.5878784786801,0.6989580682019353,242.12520700363117,173.15890517026517,483.80546065761195,0.6348212510745241,0.5808965237562338,0.8624215974139138,3.7805699678462843,70.12204947441305,1490.730304404174,-0.06026960478313601,154,1.8161639913407779,COVID-19
71,16870,848.5584412271571,0.738333777573014,229.38570939986647,154.70586378120117,590.535285492541,0.6108268128248708,0.5706616394899333,0.8131186084314056,3.816478239138588,65.62749500998004,1341.3296781561626,0.2540455849946624,162,1.7919177057205726,COVID-19
72,17407,909.4873734152916,0.7376959436217831,229.37360988272036,154.85771494754312,600.4097483686437,0.6062182046131481,0.5608235957296629,0.8174854533303728,3.9485399177665945,63.49975857073878,1636.0752051565835,0.42015989691982725,182,1.569894408461865,COVID-19
73,14344,803.8477631085022,0.8338554512536187,231.67644558732974,127.88142885167649,712.9497986919696,0.6745864385850544,0.6444774740004521,0.9040401343816995,3.4892023726405097,112.31245377902677,2708.5331225250416,-0.3177962494937447,252,2.1580467084856823,COVID-19
74,17483,967.269119345812,0.7249074952695386,252.4872718055073,173.9249043379719,625.3306515308243,0.6032810821164027,0.5570810484239113,0.8332159904845495,3.933202054442424,72.60146493756004,1400.5356942996832,0.05786059204161834,149,1.9399846472006725,COVID-19
75,19954,1110.7422074112308,0.5549345707598579,241.28209505461453,200.7211264495016,651.1468436837665,0.5284078972921732,0.4871504861995356,0.7835259970131763,4.36351909543775,61.17853780985253,1169.615859842964,0.3884532394470668,170,1.7888645950416244,COVID-19
76,16027,1042.4406922210655,0.6497271597198572,239.34608284222432,181.94311183359108,687.4574362949849,0.6223452368211552,0.5917808437900075,0.8159703520248467,3.665713241873051,76.72448711204629,1254.8616255260042,0.08358614358787977,190,2.1658883968597378,COVID-19
77,18508,1040.9848480983499,0.6005240902244642,227.91960568281903,182.24603555266236,667.3136783724659,0.5682257718243553,0.529194759980268,0.7731691776630671,4.1052080384223215,61.24074283773072,1255.5732284822766,0.48815643878772824,186,1.728301179930184,COVID-19
78,18122,998.1564209736038,0.6289848190778105,238.95282840327283,185.76613015646078,679.4465804104916,0.5838421228289954,0.5390692739713818,0.7819867624254266,4.064704158211691,61.93745660726684,1447.8103095691076,0.5277609770483392,201,1.627786847831893,COVID-19
79,18747,1007.4284989122459,0.633585901080745,232.97077046391556,180.24304358615254,608.8131398797757,0.5649754584846323,0.5243038132672561,0.7803588544749792,4.1297398361754745,59.392109815300486,1145.7799031487016,0.4568911215951928,167,1.7546001128580495,COVID-19
80,19282,1062.0142853498728,0.6795979877483742,242.23795320929807,177.70206663106438,530.0951308682799,0.5665385772898512,0.5156429930124704,0.8414366236320034,4.250594797309891,67.05519744325876,1209.8393778129741,0.07986800501265957,158,1.927829349441809,COVID-19
81,15302,1065.4163056034263,0.7301884997736673,239.94412321046775,163.94080240438566,548.8022578142877,0.6641317585221572,0.6159054367056845,0.8701258944695843,3.461197285010115,85.39360453069963,1212.0709888652218,-0.5453035629397597,154,2.452795369517882,COVID-19
82,17859,797.2792206135786,0.8479197593964888,243.41960165314856,129.04271668558522,449.02062661457103,0.613245258490127,0.5605134285493878,0.9082327476361248,4.117001545614264,80.47578749412318,2068.8955115448744,0.04471224848750282,192,1.7692775075549516,COVID-19
83,20116,970.475180106472,0.7740251263772433,265.8917425778438,168.3506547152861,376.8731523093342,0.5652434093432854,0.4967545428496536,0.8646304370187416,4.358738074721794,58.46991954321308,1129.1957860563348,0.38146586857906584,160,1.7399944853162348,COVID-19
84,18472,986.7594513539339,0.5864572708965451,232.15787916363706,188.04327751738552,514.5649208986017,0.5847223266627091,0.5325585505536934,0.8569271993131276,4.074469638205864,72.40842117193698,1143.8100140889633,-0.19517024091519428,142,2.1409776358211756,COVID-19
85,19489,861.2203461105329,0.8299490521226471,263.41237091244085,146.94174574616306,220.1661561867865,0.6103070551034058,0.5271168257668359,0.9197541971691506,4.179596905526683,61.679270726576405,933.1685065936795,-0.03726765754637702,137,2.019106344428454,COVID-19
86,17776,939.2447327281725,0.7473507069583409,253.9830063078012,168.75387076060318,586.8772030951711,0.5941240039524571,0.5515589018610154,0.8525854148906181,4.014231165295514,75.77984194385468,1420.8796384746645,-0.08387846595739563,167,2.0103656251811595,COVID-19
87,15352,859.5462479183374,0.7702108768698492,243.25631040098853,155.14627459284569,760.6279169635372,0.642283013200342,0.6119858109454097,0.8484120460601006,3.5977349663440994,90.13260390861547,1742.5602444445428,-0.19255093646211568,187,2.1591758650577653,COVID-19
88,22043,787.0365799264592,0.816336400459646,248.57385372915994,143.57047408393197,139.96819051176269,0.5792939584425523,0.46084444388665546,0.9136310827225269,4.470874697395459,41.38096137501181,728.0353387301165,0.5354303704037109,109,1.5336432443345414,COVID-19
89,23720,847.8233764908629,0.7819408113419036,248.68769616089344,155.0201426618341,100.24242742198578,0.5499369485241516,0.4163096702980481,0.8923067549374408,4.50403840716664,31.259895673519484,401.3753595998642,0.5981771668729063,92,1.5603145935209757,COVID-19
90,19953,930.0142853498728,0.7201145375908686,241.85170518882504,167.81006574600562,487.6328233888511,0.5521163568234888,0.49402955786447095,0.8176879186402928,4.300434897929042,58.20029300962746,1025.7812514838397,0.3105766224102362,150,1.8171793484432428,COVID-19
91,19801,955.9310242291876,0.748939944217919,243.3574719505141,161.25787928515874,445.3473013861616,0.5559479307819312,0.49971487724098523,0.8244029152898702,4.280610656466072,55.41892604705138,1090.1207347470367,0.3355827647359664,154,1.6784979118073395,COVID-19
92,20090,1142.6000717874997,0.667823559531856,232.5944808638888,173.1246350821657,511.6736179403753,0.5495833507195973,0.4923659684846015,0.8200292810364245,4.340215165898922,59.2284556646408,1134.5291804055325,0.1905666383570108,161,1.7584198336937737,COVID-19
93,19244,848.936074863071,0.8360511125252931,260.69029472868834,143.02813758173394,313.3518096150783,0.5897101303807208,0.5258693230904705,0.9262499231070858,4.312310382263913,73.88211337966985,1778.702164864643,-0.039304759473642016,182,1.751812790822031,COVID-19
94,20134,1222.2569260369921,0.6390137262995443,244.93614279867842,188.40373749257512,554.7726204990894,0.5470149027527687,0.4942769965528449,0.8362452192549035,4.396872490574853,67.2288363900114,1183.2134612820082,0.059830326237274245,162,1.9544476553008456,COVID-19
95,15533,941.2031021678297,0.7192741448270474,208.130876813657,144.59400485024028,524.4751254324935,0.660607231053561,0.6109341629693921,0.857457020300431,3.555310407440227,73.55283224400871,1560.3235976428816,-0.156817249326193,149,1.8620531024430318,COVID-19
96,15254,1060.7838379715733,0.6768933370335039,236.99063015403527,174.44432767791037,933.721545236385,0.6462862400455405,0.612460950782573,0.8486856374572116,3.5585138907967266,102.05400540054005,1876.7681143659613,-0.5157259126651244,176,2.3557258432672046,COVID-19
97,14110,797.6883835420683,0.7633894720227968,223.93939944088908,144.65107425730392,772.7632806147678,0.6717459158391905,0.6423097692543517,0.8504534933613282,3.3313852795773715,95.00601775236949,1674.4052594087416,-0.267063492283313,180,2.3217787122925047,COVID-19
98,20460,1144.19090885901,0.7418521812168063,260.9867842310731,175.0081985839498,482.09448943429,0.5418033969075843,0.490658737212553,0.8815883443419537,4.468704341951731,77.1572192513369,1165.6972581701616,-0.1695734607852069,165,2.259871159837475,COVID-19
99,14891,931.8305191657992,0.8188985379863295,233.4251843832454,133.97165599867455,670.221554078352,0.66380409625518,0.6286909434679573,0.8810282558056532,3.5260087823907855,96.58821857457542,1969.8708680906464,-0.21795814763444263,213,2.1762324280690173,COVID-19
100,19158,1017.6883835420683,0.7129416403238791,244.0855451116215,171.15848900889648,565.4094408377091,0.5709027664121007,0.5201411157105635,0.8650182870914656,4.334314821655789,71.90196613872202,1773.3477350747685,0.3212670591029053,190,1.7074335622860295,Pneumonia
101,14700,919.9137802864846,0.7626358136497293,245.63195659346155,158.88165648946207,593.3351038451143,0.6617464204129605,0.6294743973696901,0.8572353488825459,3.4181922387851227,83.45948865682391,1432.2631949851973,-0.27150961851110345,174,2.205282867679106,Pneumonia
102,17146,879.1787155501903,0.8428212335170397,277.3788234654257,149.28351201032638,400.45136875018363,0.6239255392099705,0.580002156906884,0.9111330008955536,3.9715419487104406,80.33778895088601,1822.468950927069,0.044120377315804406,189,1.881870810094385,Pneumonia
103,18070,1202.98484809835,0.5535476929933744,235.2704594166239,195.93735064787393,764.4318264732789,0.5760703669750182,0.5393992337869553,0.801720732622103,4.083286986861006,73.39209091963353,1422.6130512119587,0.08109428442123767,176,1.9458343531883349,Pneumonia
104,18320,1042.7594513539339,0.6894634290280752,243.66077436588438,176.48849279426653,551.8726352788617,0.5888864159053753,0.5400882120888086,0.832892429925701,4.115350784398229,63.2166504660072,1525.419412852896,0.392297273521594,182,1.618589976186896,Pneumonia
105,17347,818.8183258569795,0.7782448753634684,224.5317528675331,140.99716554985267,412.31905048249405,0.6278340161508684,0.5665825662991328,0.894127026883207,3.9241920595379565,72.69315151515151,1593.330631886134,-0.13046642837410782,164,1.821128306153911,Pneumonia
106,18062,927.1025971044414,0.6683763063837947,216.95453907709583,161.37584287495653,538.2189775475993,0.6036169879523743,0.5485377980038764,0.8604751633579885,4.07618633788444,68.25375043609722,1805.8815346608253,0.16074913870356855,162,1.6061344282683658,Pneumonia
107,16416,908.9848480983501,0.643054478701158,220.55558302085555,168.9059723519769,701.6361003070522,0.6244560269878785,0.5832451129108617,0.8404337600737666,3.7927128056485806,79.46282635191481,1750.2329660575363,-0.05929089481383364,165,1.8993984456470412,Pneumonia
108,18656,1148.8010819142764,0.7940999967014098,264.44152291957397,160.7241542344377,588.0855996492098,0.5741146824568057,0.5270401816334109,0.8099223170212514,4.147149793107504,60.83761163848789,1427.3143591106482,0.3581256286883385,179,1.610320563155823,Pneumonia
109,20655,992.8010819142764,0.7393357872352249,251.2549873348801,169.17925667193649,407.7868513133226,0.5754001173935839,0.48421572099105936,0.8371352096969384,4.356881790656428,50.66768463378633,1231.3264779851372,0.3297064656140186,130,1.4439243806149473,Pneumonia
110,24770,1142.3746750430835,0.6004498659151579,249.22289194255987,199.2941766145537,212.72608918034427,0.491895083674963,0.3808965142771464,0.874129258044476,4.876959424456207,39.183222403616725,842.2079214508506,1.8929747861194104,208,1.3501763244111142,Pneumonia
111,19519,964.3746750430836,0.7549479941957402,256.69341427906403,168.335604536218,492.61922114673354,0.5667162213729652,0.5122097520457902,0.894678340052186,4.4232371072122625,79.2651543523621,1729.3047934850836,0.2740726428688148,215,1.9061037554220912,Pneumonia
112,19249,1050.842712474619,0.6046163244918391,258.5856517511018,205.9678300580072,469.91136344520544,0.5696086436068111,0.5136223002721214,0.8031235068928917,4.1786537171689995,52.31215980840409,1151.191964048487,0.6532962108420894,188,1.5418026096466204,Pneumonia
113,23046,1091.2447327281725,0.6364043709820233,240.5393136633163,185.54134894436194,324.25254966851185,0.5163911616121116,0.4193486322735474,0.8216902411358613,4.664519365649082,46.06577998196573,696.2769624439276,0.4024077141417671,127,1.7457715671542424,Pneumonia
114,16509,874.5168106668145,0.7472004640030567,223.9445522943341,148.8332641482407,725.5764779224537,0.621362369577281,0.5870676824992574,0.8784102420714923,3.891876758683924,93.5127518490181,2261.515840960865,-0.15326630516797815,204,1.9663961730316277,Pneumonia
115,17773,973.9726547895302,0.6758011765038086,237.9271465637418,175.37228430822069,617.86167026464,0.5964025776829871,0.5506027805539487,0.8121206283860478,4.017698385495018,63.95847117202268,1539.5304705360309,0.4038502535259033,199,1.630061273106513,Pneumonia
116,19154,1089.3696244092002,0.5334206508414733,233.2341755618465,197.2811531469609,646.003576495169,0.5710549229198639,0.5143794705673368,0.8217989056549249,4.270351584794435,67.88274505518523,1467.4279516385327,0.10386504815777055,174,1.7720705268859047,Pneumonia
117,18513,878.5340546095176,0.7916906476401532,259.9368840085012,158.80120963283608,334.9683447903501,0.6094505978120455,0.542058007218951,0.8913842175553746,4.068923669988139,61.61611858919748,1415.5366811804615,0.020844974940875192,149,1.6376978286878277,Pneumonia
118,13820,985.6711395993652,0.6853586428582726,217.02580790378536,158.03942874538825,798.0006087031571,0.6743904740712161,0.649302519352129,0.8276934922670016,3.29705941493962,86.90972702806613,1983.0228388720454,-0.07932968577608877,185,1.9516616475950863,Pneumonia
119,20063,932.6173157302028,0.7522010242671986,255.79259832335865,168.55036287620533,431.96803920429835,0.5505646985590296,0.4956951536801805,0.8126656363028297,4.297067117842428,53.09262052108794,946.2200864762568,0.5260027632647325,160,1.7259892244755684,Pneumonia
120,18036,895.5046173579947,0.7851184903522958,240.27020796780494,148.81029298672124,483.9568397647521,0.6040428580443893,0.5550245606318422,0.9039087492263798,4.167816725542245,82.71758209822725,2011.8276507652013,0.13857965670061184,203,1.844176335022881,Pneumonia
121,16842,1080.333044482741,0.8161866888198535,249.82128292679513,144.34380774564917,440.34487025467627,0.6352621139586626,0.5820301259221938,0.8911667816873088,3.7431660179875386,80.07684138189542,1199.9935956206828,-0.5631022495447986,144,2.3116254649454766,Pneumonia
122,18619,878.1320343559643,0.8551916078860028,287.25734395100363,148.88892415093267,585.2550399098924,0.601271103705943,0.5387886387969802,0.8756597168892486,4.263618971254404,68.75456081081082,2829.9148159107162,0.6189177185264861,214,1.292453213784791,Pneumonia
123,15607,931.9137802864844,0.7543309788113981,236.5646373934154,155.30333755693758,1023.4766871910009,0.6351583939611989,0.6042785068295996,0.7994614935371525,3.721149591458246,83.22423955016598,2561.514786741342,0.3127302120894348,205,1.6443770313058435,Pneumonia
124,17038,891.9310242291876,0.7906758517982992,243.47614954709144,149.06462084707147,703.3173537728683,0.6112371755012359,0.5724057681765351,0.8228273243430155,3.9311796178915297,68.27561924763728,2161.3592060607225,0.5364866311633525,208,1.4685954308487206,Pneumonia
125,19756,1006.2569260369921,0.6122455235055934,238.61566941871223,188.66570359824067,512.8516616681727,0.5598821125052499,0.49894208451398064,0.8033823590819993,4.2962340698368235,53.959366391184574,1261.1263951060623,0.5847120639759732,183,1.5194539191531544,Pneumonia
126,15733,1000.7422074112307,0.6710240369101873,242.5318296338079,179.82173146916614,711.3318140078359,0.6408140568733014,0.6036479402084838,0.8616977173316998,3.623212333386289,92.52801608579088,1509.0399657691783,-0.41272769307976165,178,2.381896463031469,Pneumonia
127,14455,971.1858582251266,0.6965379904659381,228.3036911483064,163.81244497401963,552.2867957985111,0.6702912208194797,0.6335154440810764,0.8024705349404153,3.3357040774976077,63.33683514545989,1467.9524398220738,0.24385977857180768,163,1.6531047201086204,Pneumonia
128,18361,1002.5411972844539,0.6929620937595524,244.7524112445575,176.46012968647975,645.6073745291696,0.5798874202050366,0.5359348507948625,0.8113614095534972,4.1144920548860755,67.0980146052031,1397.0830448943552,0.2818813957684299,175,1.795140969894351,Pneumonia
129,14446,896.173664916307,0.8409817985159233,254.15845218033928,137.5158390340579,734.7564182041642,0.6672913845921777,0.636355672222894,0.8528965833649008,3.4435533988385685,89.40946728218655,2032.4411150309327,-0.1434459984716537,195,1.983236566957448,Pneumonia
130,18678,1006.7422074112307,0.5732351168525908,231.66851724377796,189.8270824521433,724.5293897864228,0.5692790549409437,0.5245562386397387,0.8057306772104955,4.214355787167643,67.64830294530154,1695.3888477511414,0.4283986313812633,205,1.642942049682309,Pneumonia
131,17144,1123.5706345359768,0.7075422596651199,252.87245234577944,178.69763745757635,571.3330196993006,0.6152055977037582,0.5672936717140671,0.8342888382081057,3.8683479574315403,70.7638871857756,1300.8572488995967,-0.05137044027555264,171,1.961990321971626,Pneumonia
132,16268,893.2447327281724,0.7574453059132552,250.08381131511896,163.27937539771312,842.720450611437,0.6239680477479885,0.5901070896825016,0.860551256439309,3.8346792158672725,96.00168382876757,2156.690107908844,-0.217276992158019,204,2.067211809134476,Pneumonia
133,16498,874.5168106668145,0.7101833610095599,209.89681027748102,147.77087161781554,498.98489597254803,0.6296255131334634,0.5845388822111914,0.8424172462724198,3.729718265819142,66.9785481708485,1305.7181122508716,0.07241289684361592,144,1.853578636335352,Pneumonia
134,18057,1009.8132752230962,0.6597513540200068,236.03475804158387,177.37633604197424,665.4537108530981,0.5873230686535484,0.5399959596000647,0.8068277394351815,4.0591981289417,67.5982345083919,1382.860827361,0.24238410074793043,173,1.8178000717171552,Pneumonia
135,16862,1016.173664916307,0.6735515724516703,232.88932470471565,172.13786897061382,577.4578796381985,0.6273266252157932,0.5755223971721746,0.8538855686984387,3.8573207427648804,73.52725229443716,1671.2717958652356,-0.019035767907525016,169,1.798559437570598,Pneumonia
136,20303,1176.4579361637689,0.6737982638579435,251.78487429830687,186.047709395359,535.1350540636671,0.5421943615658767,0.4908970774105049,0.850958313894723,4.507409991366156,63.76455475052669,1666.3906885497618,0.8429546019479287,221,1.562035559789341,Pneumonia
137,18714,855.0437226013956,0.7420908068460325,233.37098977431495,156.42842550228528,432.87433191808464,0.5936555802778298,0.5289231455450203,0.8469635077317297,4.11643879990175,59.78457834023967,1216.4034199168386,0.2445679607620459,162,1.7141560438049326,Pneumonia
138,17359,834.0315292925759,0.7321204942515998,226.77331335976382,154.47234523102387,693.4568346164242,0.6139852981031262,0.5638009955193032,0.8253411587606391,3.9935280970359894,70.50278686538229,1895.0910197385308,0.3806396984659974,189,1.6195383914627972,Pneumonia
139,12995,812.7766952966368,0.8440127536416161,222.03983262524648,119.08509220507536,519.2370426754183,0.705621629997917,0.676462274770867,0.8505347493908411,3.0710371882438756,75.85249404223848,1664.3441718141028,-0.031028244200476396,162,1.8592949737315312,Pneumonia
140,18215,914.031529292576,0.6352492295974818,208.6168639054312,161.11630672763158,507.3674511063303,0.5974544374357638,0.5440031031177242,0.858806079899569,4.083911132500049,69.39123190071248,1390.845156400141,0.09248317100566437,162,1.8606522239066356,Pneumonia
141,19842,795.8650070512056,0.8026101163561558,236.5392476356487,141.0966032291247,290.90726387028246,0.5788372397372586,0.50927581621505,0.9189419551398215,4.363884529766316,68.58517076251118,1330.3116824249266,-0.0478731183010841,153,1.8804141986324387,Pneumonia
142,19388,892.4335495461293,0.7637993182468585,239.41493296763107,154.53127705727266,421.70239426643593,0.5781847005503638,0.515765124055166,0.8831105058477767,4.329259771856819,65.6952324452594,1628.4479969015295,0.31878776138346643,187,1.6279719078271508,Pneumonia
143,17914,866.048773235279,0.7571851250840523,221.2418796507049,144.51527137847697,449.76517186855557,0.6074873488436836,0.5522533011996548,0.8870802524453774,4.0369596951045725,71.73035682896818,1712.6008731544448,-0.02535238948336902,156,1.7333046843480864,Pneumonia
144,20593,1109.7888886054566,0.6363802042140091,241.8722684007176,186.5743535259486,540.3874397091773,0.546961751212625,0.4816052045185712,0.8608927687697405,4.571676503804168,68.4264399898503,1666.473464844724,0.5074318768782652,210,1.676195784942635,Pneumonia
145,19816,1339.8549057834389,0.5811211560038351,248.01265987643242,201.83693292595274,657.5400226546097,0.5401006440852587,0.4951175587381236,0.8108539945303794,4.349908485144955,68.61459869391194,1203.488499749423,0.05692491900654798,189,1.9778600359099705,Pneumonia
146,17879,1007.8549057834387,0.7007849102445867,256.85887096183745,183.23608837815382,641.6197447551226,0.5985811469752979,0.5503312096049288,0.8127821309855325,4.047699264365288,66.62672459343626,1532.5539080000626,0.3946531988253274,192,1.7019256501440574,Pneumonia
147,17740,924.9604614807105,0.7569653589366278,244.7358579023929,159.92387158830687,520.2678252779026,0.6099497461168627,0.5592916969399557,0.8752589684394434,4.080275081469349,72.69716685396581,1991.1312175011712,0.3955495344902262,187,1.6291742800349833,Pneumonia
148,12692,856.9848480983501,0.7636960075287965,208.65285203079387,134.7012794701732,476.09493422262557,0.7154302234334516,0.6783967076768909,0.8445108650560823,2.9405810896123294,73.65068666273486,1306.9801791982222,-0.29508709753785545,145,2.0372404917108557,Pneumonia
149,14832,769.8061325481597,0.829481229901972,232.6215450080941,129.927179477388,660.5597510417767,0.6797030878705389,0.6359451257995208,0.8866808500054533,3.565109063244771,87.54364767283907,3433.77451226823,0.23984864113765086,206,1.493959251434471,Pneumonia
150,18544,826.1076477383248,0.700382829533301,208.03700801494935,148.49003297273683,446.9252468415937,0.5968890170723723,0.5381216197639693,0.8764983573337455,4.164564382721492,67.41611609915861,1535.9608470532103,0.1432202005431804,170,1.7201790581932734,Pneumonia
151,19410,944.6589462905454,0.7101550079701405,248.12984769725435,174.6946671940907,504.72586292716556,0.5674777199220276,0.5144905762011955,0.8704891951989571,4.367508743816202,69.0907622739018,1709.0725115636415,0.5099745707361371,210,1.6712435328385313,Pneumonia
152,16546,883.8305191657993,0.5752453596883014,211.25546562753226,172.80293892462447,711.273638916062,0.6235467830207242,0.5805385629325976,0.8444148403527527,3.8231740627841218,80.47047219040346,1841.345729864856,-0.12022458302793392,170,1.875291910574361,Pneumonia
153,19910,860.5929291125634,0.8246400015893769,265.4696526254659,150.165008082486,373.05208074778056,0.5735030725749474,0.5078331795033778,0.9339445518233126,4.514591379583246,87.82760790895264,1972.9847562383557,-0.17476103198504694,202,1.9772846254498835,Pneumonia
154,15910,964.5168106668144,0.44984587132981274,235.41247236144463,210.24833962089605,656.0081104829396,0.6376971544697018,0.5982874426615257,0.8388152670431089,3.6931697776580443,76.35850809662861,1765.7351565743302,-0.0235331500502135,200,1.8171662095290466,Pneumonia
155,18352,703.2792206135786,0.8627994648686166,234.31838061745825,118.4587954366697,263.30714616379555,0.6213718378365614,0.5497344352571963,0.9309341486309434,4.10133075964619,72.8794953761845,1367.5335434832243,-0.0682918668752873,153,1.9707719077819006,Pneumonia
156,17183,1075.5290039756342,0.76512803497651,256.9715323056293,165.45835842460238,635.9871756551559,0.6112262566136909,0.5659357652317158,0.8695353038904223,3.8952437491857834,87.28793156125879,1466.5704409705684,-0.40915304264086605,185,2.279306549998393,Pneumonia
157,15986,1025.286363288515,0.6965342087474915,232.53733142119597,166.85101985185892,584.0706498412246,0.6270394778530597,0.594580187161147,0.8387916016367492,3.6743198712896166,73.31442516984367,1409.2896336135714,-0.0367949165077652,179,1.9529418184866933,Pneumonia
158,19887,1109.8549057834389,0.5277218490646159,239.71701793271367,203.61976809358882,575.8358333133615,0.5485058286814889,0.4918039716856848,0.773218239289416,4.296400575440288,51.16971608832807,1296.290439351571,0.6310308631016096,173,1.421221760322882,Pneumonia
159,15344,979.5462479183373,0.745070620903222,237.3957298312306,158.33952960791223,497.3513006851639,0.6507559113464918,0.6153334741914284,0.862046360846248,3.544618824052247,74.48966372657111,1449.3533937127195,-0.027524163124718365,175,1.9566307198411865,Pneumonia
160,15992,1184.0437226013955,0.5745250060561442,228.12668428308177,186.71873216247536,617.3741393124916,0.6329859302096328,0.5919870575408657,0.831762502865478,3.687987074257325,73.31116530450831,1487.9470068941087,0.15172597355566,180,1.9005372704618162,Pneumonia
161,17181,705.5046173579947,0.7381996503486801,199.7248922663503,134.73087671143583,411.11593956331535,0.6242094717684626,0.5703424567439191,0.8946652048711183,3.8664027373870526,75.27585152571393,1400.5540655395037,-0.15437884360247114,154,2.011433772229752,Pneumonia
162,19006,960.9432175380074,0.7032592998089641,241.6474926414192,171.79528340161895,595.2610555823658,0.5722203186942747,0.5172804711191488,0.8120388288584572,4.209783185589274,63.04299240339095,1305.284675929371,0.4771694925493396,194,1.7449548711765774,Pneumonia
163,16229,1103.20310216783,0.7014627800449623,273.11557465764247,194.65113285113736,517.0747525850591,0.6416780302298936,0.598618290504678,0.8807019357837591,3.8162568512733497,75.83695722723438,2197.3425349876557,0.4446716548489439,222,1.6178267736985206,Pneumonia
164,16295,889.9310242291875,0.793260426115108,236.39264233426192,143.93534257116235,582.0328528051895,0.6226923641760964,0.58772776825039,0.8344891245820705,3.705774493341368,72.96431803490627,1259.1573564030555,-0.036815868474510266,158,2.0562244745785825,Pneumonia
165,16587,1009.1025971044414,0.5525435607027823,207.75648478605373,173.1617103611535,536.474533898821,0.6288042755111546,0.5796401910087448,0.8348629383502171,3.74097971057977,67.2326408741503,1362.7824197394614,0.0671856857948905,154,1.8212388641250807,Pneumonia
166,21264,1169.0264786586927,0.5042337249367354,234.26366766996347,202.30242521034393,556.9608547453573,0.5266104267376064,0.4571459104197442,0.8022551051853353,4.531283455601122,58.086486221917674,1098.9308491432564,0.26077031033335724,145,1.7522252055816814,Pneumonia
167,20987,1071.1858582251266,0.47102865770509955,225.36132397364835,198.79525964854145,466.42786323534983,0.5390301161755585,0.4665476909179157,0.8165919285547067,4.442558087310556,56.919356440560136,903.4145910646274,0.10001641020245512,129,1.893722899330428,Pneumonia
168,16259,867.8305191657994,0.8172021008065798,250.65765904666515,144.46684708109896,653.0635806696268,0.6310786839161561,0.5918783087115415,0.8479772242438548,3.807445194782704,75.95286260779355,2088.0546411927553,0.2828313066134165,198,1.662161493881544,Pneumonia
169,15493,1081.3452377915607,0.6769334176427184,218.25355266756736,160.6442739835102,843.2125065632977,0.6551912988837124,0.6121166885532237,0.8859143265511589,3.5776163795344806,111.8259297168202,2112.608730583938,-0.8871115486639969,188,2.4329488722923687,Pneumonia
170,16210,965.6051224213832,0.7689858865339666,242.0801510058477,154.75355065395527,507.58540380518593,0.6437116645033074,0.5978824694571371,0.9017883702796649,3.793669275932338,89.96899779019888,1789.8220597911038,-0.06381403606357726,204,2.126610502828606,Pneumonia
171,18980,1116.1147904132613,0.6907542440435476,244.23672607169223,176.6050373555398,590.375411678626,0.5756666972789264,0.5232729302366349,0.8412921568984086,4.205704467888979,72.64923687255497,1218.0209952025282,0.04313732477575504,164,2.0816306293895908,Pneumonia
172,17288,918.048773235279,0.7328229465058985,216.0329050151049,146.99297471765627,535.5208376405237,0.6073751868400894,0.5656638142151906,0.8513814531394157,3.9367685767116822,70.27236810114272,1470.603119288766,0.20022354645377816,181,1.8324698912799873,Pneumonia
173,17874,1165.4528855298854,0.6257415573404527,229.18058301457532,178.76783337209648,695.5606619469787,0.5853651370825893,0.5400771497996083,0.7646300380022565,3.9822218937585645,62.15815099430985,1226.2340367759339,0.3079418128406863,159,1.7750533224101814,Pneumonia
174,18128,955.5290039756344,0.7148174140175954,239.7511711787695,167.6606638201164,590.5242142997633,0.5832288529456536,0.5388422979456147,0.833762644633822,4.064561905632337,69.64793617759278,1346.4901104937878,0.00701614073320565,168,1.8980457128435364,Pneumonia
175,14121,797.7888886054567,0.6547600377588713,214.7791864350628,162.3380164938748,686.9029106567564,0.6772282864978231,0.6452263278337962,0.8547099970452209,3.3856025135774837,85.53798134777377,2226.862426249953,0.03814720856916214,205,1.812643104077565,Pneumonia
176,17115,833.6639969244288,0.8146580679693024,241.58074311117429,140.1027170409323,497.1722847423181,0.6326113128845328,0.5802122978811155,0.9252081391186755,3.950128809312947,104.83493953716776,1676.7558254505825,-0.3258082472991332,203,2.5601837525151407,Pneumonia
177,18976,1096.0142853498728,0.6265380350620315,229.74302512340364,179.05961068287436,607.5560758345142,0.565817527704765,0.5188097605063501,0.8140105359962364,4.206442295337835,65.85489202291758,1237.5081415595178,0.2318619942311455,181,1.872035195889109,Pneumonia
178,18429,891.2203461105328,0.7946565260291225,238.14053844881494,144.5654309109384,454.60176690353023,0.5974354815903962,0.5400598617881072,0.8857838525062318,4.1430388388189305,72.1897150008533,1598.83169124934,-0.0282103382266622,160,1.8054021413662904,Pneumonia
179,16176,889.4284989122459,0.7979514826664053,247.6624226963233,149.27151307645514,672.3527611803884,0.6269475006865666,0.5875022956220581,0.8237896450233289,3.7400269080793853,71.95425774877651,1746.1180381521626,0.12453164572427915,186,1.7219466749028582,Pneumonia
180,16554,767.6223663640861,0.8706631360109047,247.02244265113794,121.50534113518098,564.9402913696305,0.6271916928848668,0.5912283934704922,0.9016953067317411,3.949254603217839,88.42133723519308,2664.718651535805,0.28388914427320444,237,1.7128975878102368,Pneumonia
181,12031,776.4995667241114,0.783074560642433,205.1492818387984,127.58804879270599,435.1898841708928,0.730911248881154,0.6953036559815607,0.8434812588669606,2.795545324090358,71.26199821587868,1259.6438457841182,-0.2659086456575618,132,2.0078631598606647,Pneumonia
182,19469,827.7888886054567,0.7262488494994104,216.73209110857326,148.9885518360031,455.93092976723835,0.572990049876196,0.5115704300242252,0.8916303587051067,4.301562541928866,76.41942924578908,1399.7404507417216,-0.15528136898899422,167,2.042584505170774,Pneumonia
183,18211,799.445742854949,0.749876041361594,216.55080892877052,143.26532840120078,451.86518608861587,0.6057910493124435,0.5428493192078543,0.896711324254182,4.030019671955328,81.38611127092803,1285.9266904816066,-0.4639107205598826,152,2.269562738166864,Pneumonia
184,20750,1345.7716446627535,0.3291067263481264,235.45001759390559,222.33374023408837,835.2682761497196,0.5118000317469069,0.4714724949643728,0.8372367547802015,4.518944334806265,88.99759193297547,1183.962468490081,-0.44373011633241793,181,2.586480973662792,Pneumonia
185,19186,767.0365799264594,0.8534739003113823,251.36923305799462,130.99745317298633,227.88944286820214,0.601453419783452,0.5311629337107298,0.9234514246714434,4.2092074086264395,62.189454188909465,1165.4216732939847,0.09363316313529275,150,1.8216930440256929,Pneumonia
186,17482,945.0782104868018,0.8324207476581624,267.73132722833964,148.36173906562954,360.2894193214825,0.6241047478262987,0.5727577675284543,0.9157269350755693,3.9485573223646977,80.45148895292988,1366.6411385130864,-0.22777473038598087,166,2.1762402648188632,Pneumonia
187,19145,1200.7838379715733,0.5928546946809697,235.88415040418332,189.9597355334182,685.5600406159667,0.5615595894893962,0.5119781769257419,0.8511251601048538,4.2394776711712945,81.78387378534775,1390.5464218973789,-0.40168220295574913,178,2.1931833066519753,Pneumonia
188,19508,1075.7127701597078,0.59745935779391,246.07102071209954,197.32415293745754,531.1525460249715,0.5636816979232484,0.5072033977624987,0.824394372754423,4.235367405687873,65.16350685518424,984.0838589101929,0.14831413052469414,167,2.0772482133947303,Pneumonia
189,22293,1213.5706345359768,0.5743908722339159,256.52168818932074,209.9838227107431,430.9842676072666,0.5036947610429363,0.43598490210219315,0.83904901168143,4.657779577304694,60.20359058055491,823.710567662639,0.0690260863152429,168,2.0976598936688267,Pneumonia
190,14377,793.1858582251266,0.7843447965359294,218.65890393870654,135.63960829466706,462.0617550550892,0.6752288814099672,0.6357399500946911,0.8380715242887429,3.302869453335281,65.81755759007679,1311.7786610163232,-0.026697506308995676,143,1.81723662534713,Pneumonia
191,18460,745.9482681718907,0.7415162232475473,214.69177898834744,144.0442153657194,317.7289890485928,0.6171569746233005,0.5452622699978822,0.9216166797580443,4.08947762826913,76.44827586206897,1343.5681050128294,-0.20877125697496782,154,2.0856328202851904,Pneumonia
192,16191,1133.8549057834387,0.6092827222499677,230.62063259336236,182.87133762343805,664.2925670366851,0.6359312728506736,0.5911399765104076,0.8419021383833054,3.6959894593236085,77.33613390647389,1763.5542668300566,-0.1930384014011331,161,1.8415692030846305,Pneumonia
193,14203,937.58787847868,0.49930792628931925,222.05668577098257,192.39537607672088,594.9173756536582,0.6771806761879552,0.6429211566420552,0.8571516297342614,3.3101313399130596,84.53229182239498,1454.5818919070657,-0.3229989618976692,167,2.21642762914318,Pneumonia
194,20610,977.6051224213832,0.77764264048957,268.1632822652531,168.5960115347815,466.76978361135787,0.5473843038628854,0.490893162673783,0.9160455413039459,4.585139626854609,91.4645689176221,1469.041410934679,-0.14045665963536644,197,2.386359515782161,Pneumonia
195,17442,932.3330444827409,0.771096398677768,235.77150490127195,150.12005963349995,567.991244544117,0.6167472841666539,0.5634276494885966,0.8704393628227313,3.996123184555796,73.70402264241841,2117.412276965403,0.1774175336805153,177,1.6017269325068488,Pneumonia
196,16720,894.5584412271571,0.7236991579598016,235.29366601784832,162.37982735297115,791.5600456036634,0.6200283615949529,0.5788885502175833,0.8521304334221915,3.880701600389239,89.34522461306153,1913.9430447054317,-0.10201564198361333,184,2.042240290968771,Pneumonia
197,15844,1015.7716446627535,0.5064543221445613,223.07447327297714,192.3497103161952,671.6730241887296,0.63784209940181,0.5969619192183033,0.8241598164402941,3.6239249871810735,77.43980834497904,1299.2303391660369,-0.1320696528051522,157,2.1484299239171256,Pneumonia
198,17999,931.889393668845,0.783344409394067,245.73919397505725,152.74851325568005,483.83088335584,0.6071480351740137,0.5493049234121076,0.8726142921572497,4.033961256638152,72.79620135166628,1397.5425956844633,-0.16323460136476955,161,1.9472700792633106,Pneumonia
199,19522,961.3208511739211,0.7864975439783399,278.0572404040482,171.72631775469617,355.2027393983708,0.599701385662617,0.52284039690101,0.9250223634664103,4.256552858447349,86.5376269374666,1091.0575633691087,-0.3918952880350716,152,2.6198784920549385,Pneumonia
200,19522,961.3208511739211,0.7864975439783399,278.0572404040482,171.72631775469617,355.20554354576075,0.5997080382396729,0.5228403888226858,0.9250205420084431,4.256554573692371,86.53661143773384,1091.070252333787,-0.3918950368420375,152,2.6198325141257017,No Finding
201,19522,961.3208511739211,0.7864975439783399,278.0572404040482,171.72631775469617,355.20708833938687,0.5997068102865715,0.5228403788875433,0.9250201405913309,4.2565609394836805,86.53650454302512,1091.075177306099,-0.3918882875648285,152,2.6198233651746805,No Finding
202,19522,961.3208511739211,0.7864975439783399,278.0572404040482,171.72631775469617,355.20708833938687,0.5997068102865715,0.5228403788875433,0.9250201405913309,4.2565609394836805,86.53650454302512,1091.075177306099,-0.3918882875648285,152,2.6198233651746805,No Finding
203,19522,961.3208511739211,0.7864975439783399,278.0572404040482,171.72631775469617,355.20708833938687,0.5997068102865715,0.5228403788875433,0.9250201405913309,4.2565609394836805,86.53650454302512,1091.075177306099,-0.3918882875648285,152,2.6198233651746805,No Finding
204,19522,961.3208511739211,0.7864975439783399,278.0572404040482,171.72631775469617,355.20708833938687,0.5997068102865715,0.5228403788875433,0.9250201405913309,4.2565609394836805,86.53650454302512,1091.075177306099,-0.3918882875648285,152,2.6198233651746805,No Finding
205,19522,961.3208511739211,0.7864975439783399,278.0572404040482,171.72631775469617,355.20708833938687,0.5997068102865715,0.5228403788875433,0.9250201405913309,4.2565609394836805,86.53650454302512,1091.075177306099,-0.3918882875648285,152,2.6198233651746805,No Finding
206,19522,961.3208511739211,0.7864975439783399,278.0572404040482,171.72631775469617,355.20708833938687,0.5997068102865715,0.5228403788875433,0.9250201405913309,4.2565609394836805,86.53650454302512,1091.075177306099,-0.3918882875648285,152,2.6198233651746805,No Finding
207,19522,961.3208511739211,0.7864975439783399,278.0572404040482,171.72631775469617,355.20708833938687,0.5997068102865715,0.5228403788875433,0.9250201405913309,4.2565609394836805,86.53650454302512,1091.075177306099,-0.3918882875648285,152,2.6198233651746805,No Finding
208,19522,961.3208511739211,0.7864975439783399,278.0572404040482,171.72631775469617,355.20708833938687,0.5997068102865715,0.5228403788875433,0.9250201405913309,4.2565609394836805,86.53650454302512,1091.075177306099,-0.3918882875648285,152,2.6198233651746805,No Finding
209,19522,961.3208511739211,0.7864975439783399,278.0572404040482,171.72631775469617,355.20708833938687,0.5997068102865715,0.5228403788875433,0.9250201405913309,4.2565609394836805,86.53650454302512,1091.075177306099,-0.3918882875648285,152,2.6198233651746805,No Finding
210,19522,961.3208511739211,0.7864975439783399,278.0572404040482,171.72631775469617,355.20708833938687,0.5997068102865715,0.5228403788875433,0.9250201405913309,4.2565609394836805,86.53650454302512,1091.075177306099,-0.3918882875648285,152,2.6198233651746805,No Finding
211,19522,961.3208511739211,0.7864975439783399,278.0572404040482,171.72631775469617,355.20708833938687,0.5997068102865715,0.5228403788875433,0.9250201405913309,4.2565609394836805,86.53650454302512,1091.075177306099,-0.3918882875648285,152,2.6198233651746805,No Finding
212,19522,961.3208511739211,0.7864975439783399,278.0572404040482,171.72631775469617,355.20708833938687,0.5997068102865715,0.5228403788875433,0.9250201405913309,4.2565609394836805,86.53650454302512,1091.075177306099,-0.3918882875648285,152,2.6198233651746805,No Finding
213,19522,961.3208511739211,0.7864975439783399,278.0572404040482,171.72631775469617,355.20708833938687,0.5997068102865715,0.5228403788875433,0.9250201405913309,4.2565609394836805,86.53650454302512,1091.075177306099,-0.3918882875648285,152,2.6198233651746805,No Finding
214,19522,961.3208511739211,0.7864975439783399,278.0572404040482,171.72631775469617,355.20708833938687,0.5997068102865715,0.5228403788875433,0.9250201405913309,4.2565609394836805,86.53650454302512,1091.075177306099,-0.3918882875648285,152,2.6198233651746805,No Finding
215,19522,961.3208511739211,0.7864975439783399,278.0572404040482,171.72631775469617,355.20708833938687,0.5997068102865715,0.5228403788875433,0.9250201405913309,4.2565609394836805,86.53650454302512,1091.075177306099,-0.3918882875648285,152,2.6198233651746805,No Finding
216,19522,961.3208511739211,0.7864975439783399,278.0572404040482,171.72631775469617,355.20708833938687,0.5997068102865715,0.5228403788875433,0.9250201405913309,4.2565609394836805,86.53650454302512,1091.075177306099,-0.3918882875648285,152,2.6198233651746805,No Finding
217,19522,961.3208511739211,0.7864975439783399,278.0572404040482,171.72631775469617,355.20708833938687,0.5997068102865715,0.5228403788875433,0.9250201405913309,4.2565609394836805,86.53650454302512,1091.075177306099,-0.3918882875648285,152,2.6198233651746805,No Finding
218,19522,961.3208511739211,0.7864975439783399,278.0572404040482,171.72631775469617,355.20708833938687,0.5997068102865715,0.5228403788875433,0.9250201405913309,4.2565609394836805,86.53650454302512,1091.075177306099,-0.3918882875648285,152,2.6198233651746805,No Finding
219,19522,961.3208511739211,0.7864975439783399,278.0572404040482,171.72631775469617,355.20708833938687,0.5997068102865715,0.5228403788875433,0.9250201405913309,4.2565609394836805,86.53650454302512,1091.075177306099,-0.3918882875648285,152,2.6198233651746805,No Finding
220,19522,961.3208511739211,0.7864975439783399,278.0572404040482,171.72631775469617,355.20708833938687,0.5997068102865715,0.5228403788875433,0.9250201405913309,4.2565609394836805,86.53650454302512,1091.075177306099,-0.3918882875648285,152,2.6198233651746805,No Finding
221,19522,961.3208511739211,0.7864975439783399,278.0572404040482,171.72631775469617,355.20708833938687,0.5997068102865715,0.5228403788875433,0.9250201405913309,4.2565609394836805,86.53650454302512,1091.075177306099,-0.3918882875648285,152,2.6198233651746805,No Finding
222,19522,961.3208511739211,0.7864975439783399,278.0572404040482,171.72631775469617,355.20708833938687,0.5997068102865715,0.5228403788875433,0.9250201405913309,4.2565609394836805,86.53650454302512,1091.075177306099,-0.3918882875648285,152,2.6198233651746805,No Finding
223,19522,961.3208511739211,0.7864975439783399,278.0572404040482,171.72631775469617,355.20708833938687,0.5997068102865715,0.5228403788875433,0.9250201405913309,4.2565609394836805,86.53650454302512,1091.075177306099,-0.3918882875648285,152,2.6198233651746805,No Finding
224,19522,961.3208511739211,0.7864975439783399,278.0572404040482,171.72631775469617,355.20708833938687,0.5997068102865715,0.5228403788875433,0.9250201405913309,4.2565609394836805,86.53650454302512,1091.075177306099,-0.3918882875648285,152,2.6198233651746805,No Finding
225,20662,1035.6295090390227,0.6423187411158566,230.78081178092654,176.87909754729563,451.4590132601267,0.5480485420894802,0.48108449713771717,0.8497202255933842,4.4578292112535,59.25128618985171,1273.2518961062322,0.23214681483565616,159,1.6605066392164902,No Finding
226,21092,1013.4284989122459,0.5433361883275243,234.63643780639953,196.9808581675721,397.8699542134443,0.5422166743191104,0.46512539384358353,0.7885817991312647,4.402735628433679,44.92674844198239,904.5507228431385,0.6817526132654437,150,1.4937864831279686,No Finding
227,20427,1027.6711395993652,0.6323593164283257,237.76542966393708,184.19098629455783,490.89654481991954,0.5456920782443943,0.48333168825187844,0.816022442482905,4.414270623210757,55.47033573509122,1161.8665762120813,0.46292765543021247,170,1.6273563588920077,No Finding
228,19718,988.98484809835,0.5604288307611861,228.9666613891111,189.6307813736049,569.5622339253628,0.5593939508419971,0.4983819536445874,0.8097104968547388,4.293239973603876,62.89368911478187,1074.0713960050023,0.3272453295774442,160,1.91906857633628,No Finding
229,19565,1075.3452377915607,0.6975219346414018,242.74183672814797,173.9399233812301,502.34855794727406,0.5709495024490923,0.5095587007728354,0.8584159120503165,4.3290854962266465,66.85510574663533,1435.7495140937096,0.13362423322958666,162,1.764392654628562,No Finding
230,20275,984.173664916307,0.659542407799219,228.09024708095814,171.44799268545216,435.731647714872,0.5566598029267558,0.49040682214909176,0.8574866866288278,4.3863317703618625,59.4519750733893,1340.431347105935,0.19511027289012065,153,1.6238428568399044,No Finding
231,21099,908.3919189857867,0.6462774332535317,219.59417381614247,167.57287075979582,353.22929038226937,0.5465188628178029,0.4713347304607868,0.8713951906936239,4.495126197940686,56.25895153313551,1157.152034113378,0.1880439387927393,142,1.6538511616562594,No Finding
232,17484,1080.4579361637689,0.45061041397601337,208.23470761218357,185.89543471451552,650.1721106058889,0.6102897137518113,0.5590691172361412,0.8542391291898027,3.9531062919548687,78.48951889002342,1755.9361175473784,-0.26756987922586456,156,1.8730842458485408,No Finding
233,20760,1014.2569260369921,0.5332844280962115,230.00449923423037,194.56908642502373,329.33278276724945,0.551923768296588,0.4719479577818935,0.787774915354447,4.270916232762408,42.89575270168384,644.2306002062475,0.5639267590476298,142,1.6900269033956528,No Finding
234,20279,1014.3990616607231,0.6033802962686292,235.27474786876817,187.620690830086,456.7735217085642,0.5572417075908074,0.4870633166999614,0.7867614944644139,4.308397627660789,48.95888860303576,993.0518215587252,0.5887155232786385,150,1.553622829566181,No Finding
235,21383,1007.889393668845,0.730508175035748,248.04384594534005,169.39012240178596,420.4228640652641,0.5380343242515958,0.4671638645597169,0.8938781385169852,4.718354627966521,67.08080315804864,1738.6367770536556,0.5111472577889418,196,1.6087694953576277,No Finding
236,21076,1029.3279938488577,0.5815291923578282,239.3233457543732,194.69565323680402,324.93380995615087,0.5496498044373821,0.4651668774467639,0.7956152599711792,4.323496340246151,43.423485784919656,651.6495349444829,0.5741481410834942,145,1.7010521896651756,No Finding
237,20974,1040.7422074112308,0.5164720369252697,232.03282951369425,198.6906528686762,355.07613439733154,0.5453226697006899,0.4672140447790537,0.8032706660719496,4.353213129901339,46.90248993588788,719.1924201209787,0.459396689051438,150,1.748933707917826,No Finding
238,19621,992.8599564173221,0.7347388899144076,249.62001769795654,169.32974657613227,439.89362124045306,0.5745668363770584,0.5115558006199037,0.883794654775274,4.395802041832283,67.30118812936225,1701.6114009006724,0.5428097153894658,206,1.631520510831412,No Finding
239,21341,971.2447327281723,0.6149429311147204,232.63340151233248,183.44809705805028,337.79225013687403,0.5366405613197098,0.46059570949042855,0.8167656903362421,4.408480650603382,48.31602576615264,677.299600680187,0.4224616547636054,156,1.8565249683656146,No Finding
240,19677,1132.6000717874997,0.5895702745000726,229.84362943643663,185.64862666233705,556.7732884879238,0.5652551158183723,0.5022151117715994,0.8044015665429716,4.277313795447982,60.48726790450928,1101.0054877611185,0.36739142853258394,155,1.8229267876158117,No Finding
241,20571,1011.5462479183373,0.7092439411732282,240.16936368047504,169.31054928863557,446.0690543360703,0.5511636476658045,0.4846936416837415,0.855881437400154,4.465034876179931,57.85935438026596,1461.1871521159128,0.3761033516598285,158,1.5136332553187322,No Finding
242,19585,976.3746750430835,0.7238971616819543,241.0366919436694,166.29311600991474,458.4725303649578,0.5784461157021582,0.5075830315739464,0.8651146517324438,4.330563158922601,62.864769633228335,1549.3301191330395,0.3098235800836674,175,1.597111903621399,No Finding
243,16557,894.8183258569795,0.8122793363814301,232.15169083061238,135.40679566700337,599.9193640963406,0.6303819350542753,0.584465105155262,0.8399788168740725,3.805690771482703,67.54037543748011,1986.8631964228396,0.37067969638799453,167,1.5152332359715242,No Finding
244,17560,983.0437226013958,0.7364232683873442,237.52409531089532,160.6900571510383,519.1336883480893,0.6199727040546298,0.5602094866137574,0.8466817550826564,3.953971982757566,68.15380477015961,1369.9539279291278,0.10027219051469928,173,1.8413533018741768,No Finding
245,19208,969.3452377915607,0.7364314254153638,241.4017065210581,163.31119936817257,412.21444609380427,0.5814850223651815,0.517320978377817,0.8333082479727771,4.180464140915746,54.80488469715968,1099.8930754146613,0.41660092004114807,158,1.65250976481764,No Finding
246,22771,1092.8843430349616,0.5604390176057414,245.05073266629026,202.94996160354313,327.1860280917864,0.5054809941617568,0.42335599920212236,0.8291278690256098,4.633189820415737,49.33380506733622,662.1151891051193,0.20980571043507565,139,1.9172459897465728,No Finding
247,18547,942.0559159102154,0.6371168116013916,227.52102743540897,175.36575880353604,552.6781115014661,0.586481248601789,0.5313876205347285,0.8193730905550616,4.115948089191795,62.061003163126976,1314.7057228074912,0.3185840877104929,164,1.7116088154833224,No Finding
248,22093,1064.0142853498728,0.40921802325875106,229.17810517380164,209.11049866719844,427.46176429154985,0.5165967146169541,0.43795441387408296,0.7839218350128057,4.577768761347097,45.97598757003625,897.7307666867893,0.710955388065527,175,1.534468621768627,No Finding
249,19167,951.7888886054566,0.7410982036289812,240.72399519670944,161.62128232668746,471.9198242862602,0.5839527911278992,0.5205022200826206,0.8312059993630239,4.21150894032388,59.01320528211284,1205.281065389159,0.4655690718853155,175,1.6998282273080518,No Finding
250,21878,1114.6000717874997,0.5221061617107061,242.71710718953582,207.00868896541974,291.3399316325376,0.5350590725481937,0.4462706088463202,0.8056255739997185,4.430617074437348,41.36471485063605,621.0461245327733,0.409060096198023,134,1.6598471872078442,No Finding
251,18982,985.8893936688451,0.7055964277802323,232.68469473109795,164.8836125879202,486.2008423843717,0.5826383664276285,0.5252494445196889,0.8550321256059192,4.207679222386209,64.75850096445302,1416.5451502466922,0.2861867473572216,159,1.720606567793489,No Finding
252,18261,959.2863632885148,0.6447254849542016,219.79017992808923,168.01073166634248,618.0219857192537,0.588525069323194,0.535992106535419,0.7842173081513913,4.0543639964824605,56.96461397058823,1475.9128103289224,0.6194834623058311,175,1.482773471928706,No Finding
253,18166,944.1320343559642,0.7253172713801144,225.6393189741396,155.33343336567776,529.1312556926227,0.5962884780403368,0.5412021295704271,0.8104629920578559,4.023891825320513,59.25657780604869,1220.0353070187107,0.4003733521311468,171,1.696486339312391,No Finding
254,21563,1101.6295090390227,0.7178762753909916,259.7332036495273,180.81864800597012,420.0389766879503,0.5437023317066181,0.46392981192420074,0.8946110845744883,4.735867758821158,69.31670365724212,1590.1315814529512,0.2238662869844775,182,1.7382865513655414,No Finding
255,21190,1016.9015869776648,0.7089743686850352,260.71993650868046,183.8686283614808,437.3472796920321,0.5431149313357073,0.471783133451863,0.8871363967947681,4.683859613761151,67.03509116823119,1682.8492133929267,0.44292745178973797,190,1.6341036585410689,No Finding
256,19139,978.5168106668145,0.6643936621205709,233.68700860778978,174.65365269267167,562.6981245857284,0.5816658453540173,0.518009619731844,0.8399412661695396,4.2413533240204275,67.7176824268926,1344.0720868945011,0.1232659202935826,160,1.8471016888736116,No Finding
257,18686,1002.8010819142764,0.7218995428555174,247.0059154338743,170.92756699006844,465.2800498102115,0.5919510363160443,0.5308768104102823,0.8419302699683495,4.1229004600218175,60.64114055235001,1287.6438936966194,0.27786602023368573,156,1.6899329533000609,No Finding
258,21708,1107.7716446627537,0.5383668363501338,241.43932718261803,203.46347943792867,390.2346138734399,0.5303671133608818,0.45401697912939953,0.8234862108199167,4.518780720590232,53.13474905325727,781.2987019036141,0.33823614780327643,149,1.9009473234888619,No Finding
259,18187,948.1564209736038,0.5317513393244198,213.7423351825895,181.0184976325691,574.1160297021625,0.5890400426561211,0.5386807890872178,0.8224899482159845,4.047949411483139,64.13355255567093,1380.9944517037973,0.12334363199133756,143,1.7257954935784374,No Finding
260,19973,1048.4163056034263,0.6907850918795481,241.5582362355613,174.6611305705642,524.2127238985325,0.549796612507096,0.49714509417908903,0.8384999885551825,4.397764306025367,62.50708422648612,1370.316766355796,0.3733806064324592,181,1.688568778889494,No Finding
261,20329,1067.0264786586927,0.614515036076914,235.7809736804657,186.00881465619923,501.99491665532224,0.5540210984600287,0.4849683476977587,0.7785179252970994,4.336761362688763,50.313071157203,1067.3015141227731,0.656291431473007,158,1.5400586667988467,No Finding
262,21621,1024.7005768508882,0.6338584449563601,245.21729558816295,189.66309046872445,362.33371066058373,0.5309677385855018,0.4540818326499291,0.8088137177451208,4.4821602548203945,46.56327101002313,798.4533020992598,0.48622398609203327,149,1.64785396262645,No Finding
263,18825,1010.1564209736038,0.5303524384092678,215.60534073476228,182.7853060903663,608.9743196685414,0.5808012370714891,0.5239827679971665,0.8146437959507431,4.192839200945288,62.6182556457893,1491.427916814832,0.3954477251443438,161,1.621436074967725,No Finding
264,20053,910.0904037956217,0.7824646231002448,242.13924191274805,150.77890507541434,470.0833483229693,0.5653126296582648,0.5009522958691973,0.865023406859406,4.440747840096319,60.6852440231262,1826.3076686093939,0.9640236999199797,202,1.4200254608185672,No Finding
265,18904,1027.3279938488577,0.6404378809912162,223.81505206899607,171.89219238268265,557.4380280228418,0.577520569134834,0.5228038148771366,0.8239161522452911,4.1919792497440955,62.12985215128191,1429.2744059308513,0.3201310367049821,181,1.6433970827561166,No Finding
266,18223,966.7594513539337,0.5737143273412681,213.56316435528205,174.92007895518833,640.4366684561494,0.5971801757809746,0.5394454344616144,0.8381684595166553,4.105095733715636,73.10292424591296,1519.053647907455,0.14127138166409356,162,1.8756344197226693,No Finding
267,19224,1013.872149726142,0.6781104873409652,232.91309973345966,171.18180629100922,542.3055931500213,0.5724005608819511,0.5140660620493747,0.8210873100978302,4.243990054431962,58.913946910356835,1450.1428342043182,0.5131142196506422,183,1.5470798461809192,No Finding
268,19949,944.776695296637,0.7792637470040095,249.3154533079838,156.24502441605898,439.20311007924994,0.568127221792841,0.5049545686541377,0.8786632040717874,4.45379322518259,62.75755354244122,1832.6219549092266,0.6952906503900833,189,1.465985121865852,No Finding
269,21595,1085.5706345359768,0.5398919755671105,243.81136330918562,205.224390546787,428.85230295419547,0.5274449746238614,0.4571257035252275,0.8517851657606584,4.534253122215967,64.42106530533616,792.221519265818,-0.08100698251005604,156,2.2887828192112427,No Finding
270,19170,892.048773235279,0.8304168100841431,253.2457159120744,141.0939867827399,365.53319792298356,0.5989205912033835,0.5264995786216207,0.9164411713648903,4.343946133541216,74.16202794149748,1875.8503568566737,0.2127386728560012,190,1.712310429197407,No Finding
271,17027,920.0559159102154,0.6379882829372616,215.0349786989409,165.58684038703555,620.2775298312627,0.6165061629344287,0.5693250977924494,0.8125896349244345,3.8657120443413104,66.44221508828251,1450.5573165404762,0.3007009373651148,172,1.7445228240046173,No Finding
272,20231,1005.6122650963194,0.6622806301526009,246.2474238626716,184.50232914818832,435.07982703228066,0.5567571933698825,0.4905413930716803,0.8320569985443371,4.337286950488475,57.3837137250852,981.5442333630533,0.16160038309177427,146,1.8316129830672927,No Finding
273,19630,936.0487732352791,0.7708973240539636,242.33452401329765,154.35726034199732,462.3974730113058,0.5753608195412102,0.5117647033154781,0.8836246921931183,4.416698817514877,67.88838001917136,1869.9880735179559,0.4601997437227072,190,1.569914595588263,No Finding
274,20598,1002.7005768508881,0.5267301636337349,227.98883642299967,193.79793181632263,381.02198826790567,0.555427258516924,0.47691950889044177,0.7939417894211365,4.303021516409676,46.74822623150213,780.1258457286693,0.6048262468812361,153,1.6737199928535191,No Finding
275,21034,1168.2569260369921,0.6232351356476964,242.93138157093065,189.98072253132585,515.7389640363804,0.5346940514146943,0.4660164423936072,0.7566942933732965,4.424027060049108,47.33543143182832,1006.5984933374331,0.7157118002757527,161,1.4919635112214995,No Finding
276,19661,941.6711395993652,0.6879003051844081,239.67546011626519,173.95769225649892,498.25441865936045,0.566395680656864,0.5050912491682739,0.8176214710777325,4.268449375625565,57.89471169162154,1119.902634240442,0.48548579255123886,152,1.7300105933321706,No Finding
277,12784,829.3452377915606,0.741710706810215,226.38461693936492,151.8406749167145,198.70035924730297,0.7265331800187075,0.6784453465425827,0.8345851268584212,2.8033512359058212,45.79388609715243,524.5537482148319,-0.07515483438305488,101,1.999458996092701,
278,9618,960.9848480983499,0.4773530878677457,211.30514143555843,185.67627333153712,190.10451845798502,0.7751772593909818,0.7518943995666945,0.7719528419904298,2.1568574228767288,42.423811689788494,469.69859606915605,-0.010233605756977932,103,1.9574922682019753,
279,14296,854.1564209736039,0.773144129219988,240.25892220915108,152.37950384475374,204.43587871267238,0.6892311918505072,0.6393814986776168,0.8410244321940759,3.1178656174678676,44.532575588737835,593.6518063742915,0.139380420548595,118,1.8277294807122233,
280,17997,1189.2274887854692,0.5504576249097436,241.85393354892093,201.91492578708576,251.9047431334731,0.611279047541869,0.5440343001972009,0.8132979293646736,3.7285222796739586,44.17457725947522,460.5685898358677,0.21430390072808297,123,2.058378533005548,
281,12081,764.9015869776647,0.7189076390482959,198.88056110414087,138.24299338071776,198.39380129641074,0.731744353204103,0.6956072220654999,0.8173674662440898,2.6834715605153883,42.828642679016745,606.3913705481323,0.14070626164148745,111,1.7392331512875432,
282,14638,893.3279938488577,0.7089570130782792,225.39847583437805,158.9626571816306,245.43564116921343,0.6683109080167966,0.6282133479613881,0.8123018756061489,3.1839161422313653,44.63718097447796,586.2192904289651,0.19658309700684654,122,1.8436000301226698,
283,17592,935.0853531617383,0.6746908499937758,233.2626779359879,172.17128481031494,269.23062022332937,0.6175775935996717,0.5526219478498965,0.794490904388917,3.706535020814594,41.13272803297294,603.1095560785338,0.6171789458797896,148,1.6749020308056795,
284,17434,943.3279938488577,0.736786957394924,246.44128293379634,166.62510582409496,189.62408430212707,0.625634292046755,0.5589326486534401,0.8134624228600829,3.6003247850532327,36.892563978754225,441.1749616056363,0.42070453946639513,127,1.756440371830329,
285,14487,856.2152954766495,0.66694068668072,209.8704574204072,156.3767467025863,250.33963703456521,0.6807667273349951,0.6330739190357217,0.8210802456489855,3.1757486444242655,45.789956011730204,659.3090340156604,0.1833875992601321,125,1.7833053522432663,
286,16023,862.7594513539339,0.7915549853673904,235.8266972016557,144.11321133981713,236.15974101916922,0.6521066505267366,0.5963182910530181,0.8156810584362177,3.423958204348892,42.62133298173907,570.5841477122493,0.49162271040166056,134,1.7842971315448168,
287,13159,827.0437226013958,0.7647964271184183,225.52079691994746,145.2967375130158,209.8259111914155,0.708160151905614,0.6661136046414333,0.8016491350225642,2.8745071140309713,41.06163716095501,544.9615248818284,0.33894631129669694,128,1.7589493760639565,
288,8374,605.3624817342638,0.815268834397759,194.15528961993343,112.4319616578881,173.6477058001579,0.8150866725288728,0.7919261374930903,0.8183611378298103,1.93343687150175,47.441573926868045,676.9983087045241,-0.10133264951631873,107,1.823330080946616,
289,13458,762.9015869776647,0.6511958964245317,194.95791228413665,147.95544709246596,266.25791983995566,0.7056716375093051,0.6600978598604025,0.8464499971223227,2.9913885085501164,54.274133417942416,701.0813512261118,-0.17102629912008574,117,2.0497867920339474,
290,14456,907.1269837220809,0.7052019426814188,222.8398295732655,157.99488809717312,229.66399893097602,0.6786000153404521,0.6313941250743049,0.7919504566323148,3.121128584002404,40.54803172737955,538.438497888535,0.3869518727385535,128,1.7474377985759928,
291,15441,831.5290039756344,0.7816981610445709,234.9300005284318,146.51572641328767,229.8148853401829,0.6649639575211905,0.6111893561747661,0.8279098083720747,3.3365264901554457,43.421070669682635,632.4681858164466,0.23916044306686282,113,1.7265580538947685,
292,17356,1212.9259735953042,0.5165886118352878,246.64141894524596,211.18270294159728,297.6874361440981,0.6203794554838211,0.5616288652940299,0.8446621585717389,3.6569854926572534,55.17767019667171,530.3393864025762,-0.32353977696092645,129,2.3959978175061942,
293,11787,672.0315292925759,0.8358043416811859,215.24550534623677,118.17568339165143,169.56503011912412,0.7483546386861841,0.7045145447009658,0.8435615307346094,2.6187581463097094,44.00822593912805,561.8200584649921,0.022572499035927632,107,1.8566722280541081,
294,13418,837.4284989122459,0.6745090466560951,211.30139417569504,155.99675803291302,277.4132399875752,0.7018383029383102,0.6610258236381121,0.8244433086482729,2.9948775608771347,51.01572801652236,714.846841357751,0.07541543405962618,128,1.9080844284016163,
295,15556,1015.6538956566621,0.6407676837532422,242.04970160679434,185.82998750183685,223.63778618952546,0.6604486043913621,0.6059385377532163,0.8267095049139117,3.3083599663775423,44.163773739023895,511.3292465035674,-0.07925634150038353,100,1.9530612316198372,
296,14041,772.7594513539339,0.7938918624724539,226.06009468535154,137.45786827718672,214.15192286545536,0.6956271668925363,0.6453568395488566,0.8322567866620321,3.066807557485229,44.34536356054288,605.1965932960593,0.10691919079696746,110,1.8026025555281793,
297,17248,945.0853531617383,0.6116152803432131,227.98342747911008,180.3703027446733,194.60825593387327,0.6317730085756448,0.5598135285923139,0.8111212644547798,3.5476179627019917,37.80374801611525,403.29813514050846,0.28433439574604447,101,1.8824426447691394,
298,17236,918.842712474619,0.6898106138942015,240.82114131689147,174.352064316553,218.8738446880427,0.6233385530686546,0.5605743696029273,0.7760008036721563,3.5524065867710783,35.71603883020941,435.1346417119058,0.4845587780058357,114,1.7121880306251696,
299,15588,934.98484809835,0.6842401631028253,238.03478666254878,173.58847356636102,230.7939848419548,0.6592373496114652,0.607013255254186,0.8197092983265908,3.3292554632759,44.17817221055484,491.7251817008496,0.22551753112485093,113,1.9922623103328776,
